{"cameraMode":{"drawMode":0,"name":"Shaded","section":"Shading Mode"},"sceneLighting":true,"audioPlay":false,"sceneViewState":{"showFog":true,"showMaterialUpdate":false,"showSkybox":true,"showFlares":true,"showImageEffects":true,"showParticleSystems":true},"in2DMode":false,"pivot":{"x":-0.6629071235656738,"y":2.1434030532836916,"z":-2.8056461811065676},"rotation":{"x":-0.055778294801712039,"y":0.009582102298736573,"z":-0.0005353125743567944,"w":-0.9984002113342285},"size":10.977363586425782,"orthographic":false}